Average Meta Score,Average User Review
71.19965586464009,6.9908459994264411
